{
  "nodes": [
    {
      "type": "lambda",
      "index": 0,
      "weight": 2,
      "x": 221.41822009893812,
      "y": 88.30009287541033,
      "px": 221.41822009893812,
      "py": 88.30009287541033,
      "isCircle": true,
      "rectX": -20,
      "rectWidth": 40,
      "rightX": 221.41822009893812,
      "leftX": 221.41822009893812,
      "fixed": true
    },
    {
      "type": "property",
      "name": "x",
      "index": 1,
      "weight": 1,
      "x": 85.06601322685648,
      "y": 87.31173871826961,
      "px": 85.06601322685648,
      "py": 87.31173871826961,
      "isCircle": true,
      "rectX": -20,
      "rectWidth": 40,
      "rightX": 85.06601322685648,
      "leftX": 85.06601322685648,
      "fixed": true
    },
    {
      "type": "property",
      "name": "y",
      "index": 2,
      "weight": 1,
      "x": 357.9537009166256,
      "y": 86.9134802170603,
      "px": 357.9537009166256,
      "py": 86.9134802170603,
      "isCircle": true,
      "rectX": -20,
      "rectWidth": 40,
      "rightX": 357.9537009166256,
      "leftX": 357.9537009166256,
      "fixed": true
    }
  ],
  "links": [
    {
      "source": 1,
      "target": 0
    },
    {
      "source": 0,
      "target": 2
    }
  ],
  "scale": 1.1359702097962707,
  "translate": [
    -19.378768657033845,
    -38.06508326426794
  ]
}