{
  "nodes": [
    {
      "type": "lambda",
      "index": 0,
      "weight": 2,
      "x": 220.59737060647467,
      "y": 96.47202296065589,
      "px": 220.59737060647467,
      "py": 96.47202296065589,
      "isCircle": true,
      "rectX": -20,
      "rectWidth": 40,
      "rightX": 220.59737060647467,
      "leftX": 220.59737060647467,
      "fixed": true
    },
    {
      "type": "property",
      "name": "x",
      "index": 1,
      "weight": 1,
      "x": 151.10658280458318,
      "y": 97.50784593003165,
      "px": 151.10658280458318,
      "py": 97.50784593003165,
      "isCircle": true,
      "rectX": -20,
      "rectWidth": 40,
      "rightX": 151.10658280458318,
      "leftX": 151.10658280458318,
      "fixed": true
    },
    {
      "type": "property",
      "name": "y",
      "index": 2,
      "weight": 1,
      "x": 291.3878939169964,
      "y": 97.21457610931708,
      "px": 291.3878939169964,
      "py": 97.21457610931708,
      "isCircle": true,
      "rectX": -20,
      "rectWidth": 40,
      "rightX": 291.3878939169964,
      "leftX": 291.3878939169964,
      "fixed": 1
    }
  ],
  "links": [
    {
      "source": 1,
      "target": 0
    },
    {
      "source": 0,
      "target": 2
    }
  ],
  "scale": 2.3915152673067537,
  "translate": [
    -304.4297781720419,
    -152.15778771963298
  ]
}